{
  "project_info": {
    "project_number": "411130691689",
    "firebase_url": "https://health-android-app-7fa04.firebaseio.com",
    "project_id": "health-android-app-7fa04",
    "storage_bucket": "health-android-app-7fa04.appspot.com"
  },
  "client": [
    {
      "client_info": {
        "mobilesdk_app_id": "1:411130691689:android:1e7ed77b8376fe5b",
        "android_client_info": {
          "package_name": "com.android.mtelehealthuia"
        }
      },
      "oauth_client": [
        {
          "client_id": "411130691689-b4dqlmdvkcjfgk0i36a41t7rabngmfs1.apps.googleusercontent.com",
          "client_type": 1,
          "android_info": {
            "package_name": "com.android.mtelehealthuia",
            "certificate_hash": "5bb11d2fb9556996d76043cf06f5d1802a9529cc"
          }
        },
        {
          "client_id": "411130691689-guaanjpdoeoatnu23h3bhmt6v6ui4gu8.apps.googleusercontent.com",
          "client_type": 3
        }
      ],
      "api_key": [
        {
          "current_key": "AIzaSyBffDz6_B8oQBlQyG62jTP5i2GH-Jt3RwI"
        }
      ],
      "services": {
        "appinvite_service": {
          "other_platform_oauth_client": [
            {
              "client_id": "411130691689-guaanjpdoeoatnu23h3bhmt6v6ui4gu8.apps.googleusercontent.com",
              "client_type": 3
            }
          ]
        }
      }
    }
  ],
  "configuration_version": "1"
}